{
    "aluminum_aluminum": {
        "asType": "asShader", 
        "attr": {
            "anisotropic": 0.75, 
            "baseColor": [
                0.37248536944389343, 
                0.3724000155925751, 
                0.3799999952316284
            ], 
            "baseColorB": 0.3799999952316284, 
            "baseColorG": 0.3724000155925751, 
            "baseColorR": 0.37248536944389343, 
            "bumpNormal": [
                0.0, 
                0.0, 
                0.0
            ], 
            "clearcoatGloss": 1.0, 
            "color": [
                0.37248536944389343, 
                0.3724000155925751, 
                0.3799999952316284
            ], 
            "colorB": 0.3799999952316284, 
            "colorG": 0.3724000155925751, 
            "colorR": 0.37248536944389343, 
            "emitColor": [
                0.0, 
                0.0, 
                0.0
            ], 
            "isHistoricallyInteresting": 2, 
            "metallic": 0.800000011920929, 
            "outColor": [
                0.37248536944389343, 
                0.3724000155925751, 
                0.3799999952316284
            ], 
            "outColorB": 0.3799999952316284, 
            "outColorG": 0.3724000155925751, 
            "outColorR": 0.37248536944389343, 
            "presence": 1.0, 
            "roughness": 0.10000000149011612, 
            "sheenTint": 0.5, 
            "shininess": 100.0, 
            "specular": 0.009999999776482582, 
            "specularColor": [
                1.0, 
                1.0, 
                1.0
            ], 
            "specularColorColorB": 1.0, 
            "specularColorG": 1.0, 
            "specularColorR": 1.0, 
            "specularTint": 1.0, 
            "subsurfaceColor": [
                0.0, 
                0.0, 
                0.0
            ]
        }, 
        "connection": {}, 
        "type": "PxrDisney"
    }
}