{
    "black_fabric_black_fabric": {
        "asType": "asShader", 
        "attr": {
            "baseColor": [
                0.10999999940395355, 
                0.09273000061511993, 
                0.09273000061511993
            ], 
            "baseColorB": 0.09273000061511993, 
            "baseColorG": 0.09273000061511993, 
            "baseColorR": 0.10999999940395355, 
            "bumpNormal": [
                0.0, 
                0.0, 
                0.0
            ], 
            "clearcoatGloss": 1.0, 
            "color": [
                0.10999999940395355, 
                0.09273000061511993, 
                0.09273000061511993
            ], 
            "colorB": 0.09273000061511993, 
            "colorG": 0.09273000061511993, 
            "colorR": 0.10999999940395355, 
            "emitColor": [
                0.0, 
                0.0, 
                0.0
            ], 
            "isHistoricallyInteresting": 2, 
            "outColor": [
                0.10999999940395355, 
                0.09273000061511993, 
                0.09273000061511993
            ], 
            "outColorB": 0.09273000061511993, 
            "outColorG": 0.09273000061511993, 
            "outColorR": 0.10999999940395355, 
            "presence": 1.0, 
            "roughness": 1.0, 
            "sheen": 0.10000000149011612, 
            "sheenTint": 1.0, 
            "shininess": 100.0, 
            "specularColor": [
                1.0, 
                1.0, 
                1.0
            ], 
            "specularColorColorB": 1.0, 
            "specularColorG": 1.0, 
            "specularColorR": 1.0, 
            "subsurfaceColor": [
                0.0, 
                0.0, 
                0.0
            ]
        }, 
        "connection": {}, 
        "type": "PxrDisney"
    }
}