{
    "blue_metallic_paint2_blue_metallic_paint2": {
        "asType": "asShader", 
        "attr": {
            "baseColor": [
                0.1875, 
                0.2499999850988388, 
                0.375
            ], 
            "baseColorB": 0.375, 
            "baseColorG": 0.2499999850988388, 
            "baseColorR": 0.1875, 
            "bumpNormal": [
                0.0, 
                0.0, 
                0.0
            ], 
            "clearcoat": 0.10000000149011612, 
            "clearcoatGloss": 1.0, 
            "color": [
                0.1875, 
                0.2499999850988388, 
                0.375
            ], 
            "colorB": 0.375, 
            "colorG": 0.2499999850988388, 
            "colorR": 0.1875, 
            "emitColor": [
                0.0, 
                0.0, 
                0.0
            ], 
            "isHistoricallyInteresting": 2, 
            "metallic": 0.875, 
            "outColor": [
                0.1875, 
                0.2499999850988388, 
                0.375
            ], 
            "outColorB": 0.375, 
            "outColorG": 0.2499999850988388, 
            "outColorR": 0.1875, 
            "presence": 1.0, 
            "roughness": 0.25, 
            "sheenTint": 0.5, 
            "shininess": 100.0, 
            "specular": 0.029999999329447746, 
            "specularColor": [
                1.0, 
                1.0, 
                1.0
            ], 
            "specularColorColorB": 1.0, 
            "specularColorG": 1.0, 
            "specularColorR": 1.0, 
            "specularTint": 1.0, 
            "subsurfaceColor": [
                0.0, 
                0.0, 
                0.0
            ]
        }, 
        "connection": {}, 
        "type": "PxrDisney"
    }
}