{
    "cherry_235_cherry_235": {
        "asType": "asShader", 
        "attr": {
            "baseColor": [
                0.23000000417232513, 
                0.16099999845027924, 
                0.1380000114440918
            ], 
            "baseColorB": 0.1380000114440918, 
            "baseColorG": 0.16099999845027924, 
            "baseColorR": 0.23000000417232513, 
            "bumpNormal": [
                0.0, 
                0.0, 
                0.0
            ], 
            "clearcoatGloss": 1.0, 
            "color": [
                0.23000000417232513, 
                0.16099999845027924, 
                0.1380000114440918
            ], 
            "colorB": 0.1380000114440918, 
            "colorG": 0.16099999845027924, 
            "colorR": 0.23000000417232513, 
            "emitColor": [
                0.0, 
                0.0, 
                0.0
            ], 
            "isHistoricallyInteresting": 2, 
            "outColor": [
                0.23000000417232513, 
                0.16099999845027924, 
                0.1380000114440918
            ], 
            "outColorB": 0.1380000114440918, 
            "outColorG": 0.16099999845027924, 
            "outColorR": 0.23000000417232513, 
            "presence": 1.0, 
            "roughness": 0.4000000059604645, 
            "sheenTint": 0.5, 
            "shininess": 100.0, 
            "specular": 0.10000000149011612, 
            "specularColor": [
                1.0, 
                1.0, 
                1.0
            ], 
            "specularColorColorB": 1.0, 
            "specularColorG": 1.0, 
            "specularColorR": 1.0, 
            "specularTint": 0.15000000596046448, 
            "subsurfaceColor": [
                0.0, 
                0.0, 
                0.0
            ]
        }, 
        "connection": {}, 
        "type": "PxrDisney"
    }
}