{
    "aventurn_LM_layer_aventurnine_LM": {
        "asType": "asTexture", 
        "attr": {
            "caching": false, 
            "clearcoatAnisotropy": 0.0, 
            "clearcoatBehavior": true, 
            "clearcoatColor": [
                0.2584267854690552, 
                0.2584267854690552, 
                0.2584267854690552
            ], 
            "clearcoatColorB": 0.2584267854690552, 
            "clearcoatColorG": 0.2584267854690552, 
            "clearcoatColorR": 0.2584267854690552, 
            "clearcoatEta": 1.0898876190185547, 
            "clearcoatNn": [
                0.0, 
                0.0, 
                0.0
            ], 
            "clearcoatNnX": 0.0, 
            "clearcoatNnY": 0.0, 
            "clearcoatNnZ": 0.0, 
            "clearcoatRoughness": 0.4000000059604645, 
            "clearcoatThickness": 0.0, 
            "clearcoatTn": [
                0.0, 
                0.0, 
                0.0
            ], 
            "clearcoatTnX": 0.0, 
            "clearcoatTnY": 0.0, 
            "clearcoatTnZ": 0.0, 
            "clearcoatTransmission": [
                1.0, 
                1.0, 
                1.0
            ], 
            "clearcoatTransmissionB": 1.0, 
            "clearcoatTransmissionG": 1.0, 
            "clearcoatTransmissionR": 1.0, 
            "diffuseBehavior": true, 
            "diffuseColor": [
                0.2620333433151245, 
                0.2800000011920929, 
                0.2603999972343445
            ], 
            "diffuseColorB": 0.2603999972343445, 
            "diffuseColorG": 0.2800000011920929, 
            "diffuseColorR": 0.2620333433151245, 
            "diffuseNn": [
                0.0, 
                0.0, 
                0.0
            ], 
            "diffuseNnX": 0.0, 
            "diffuseNnY": 0.0, 
            "diffuseNnZ": 0.0, 
            "diffuseRoughness": 0.20000000298023224, 
            "frozen": false, 
            "incandescence": [
                0.0, 
                0.0, 
                0.0
            ], 
            "incandescenceB": 0.0, 
            "incandescenceG": 0.0, 
            "incandescenceR": 0.0, 
            "isHistoricallyInteresting": 2, 
            "layerMask": 1.0, 
            "lmlayer": "", 
            "nodeState": 0, 
            "notes": "LollipopShaders RIS100 LM Preset Name:\naventurnine_LM_layer", 
            "result": "", 
            "sheen": [
                0.0, 
                0.0, 
                0.0
            ], 
            "sheenB": 0.0, 
            "sheenG": 0.0, 
            "sheenR": 0.0, 
            "specularAnisotropy": 0.0, 
            "specularBehavior": true, 
            "specularColor": [
                0.8999999761581421, 
                0.8999999761581421, 
                0.8999999761581421
            ], 
            "specularColorB": 0.8999999761581421, 
            "specularColorG": 0.8999999761581421, 
            "specularColorR": 0.8999999761581421, 
            "specularEta": [
                1.2000000476837158, 
                1.2000000476837158, 
                1.2000000476837158
            ], 
            "specularEtaB": 1.2000000476837158, 
            "specularEtaG": 1.2000000476837158, 
            "specularEtaR": 1.2000000476837158, 
            "specularKappa": [
                0.0, 
                0.0, 
                0.0
            ], 
            "specularKappaB": 0.0, 
            "specularKappaG": 0.0, 
            "specularKappaR": 0.0, 
            "specularNn": [
                0.0, 
                0.0, 
                0.0
            ], 
            "specularNnX": 0.0, 
            "specularNnY": 0.0, 
            "specularNnZ": 0.0, 
            "specularRoughness": 0.15000000596046448, 
            "specularTn": [
                0.0, 
                0.0, 
                0.0
            ], 
            "specularTnX": 0.0, 
            "specularTnY": 0.0, 
            "specularTnZ": 0.0
        }, 
        "connection": {}, 
        "type": "PxrLMLayer"
    }, 
    "aventurnine_LM_aventurnine_LM": {
        "asType": "asShader", 
        "attr": {
            "backColor": [
                0.5, 
                0.5, 
                0.5
            ], 
            "backColorB": 0.5, 
            "backColorG": 0.5, 
            "backColorR": 0.5, 
            "bumpNormal": [
                0.0, 
                0.0, 
                0.0
            ], 
            "bumpNormalX": 0.0, 
            "bumpNormalY": 0.0, 
            "bumpNormalZ": 0.0, 
            "caching": false, 
            "color": [
                0.5, 
                0.5, 
                0.5
            ], 
            "colorB": 0.5, 
            "colorG": 0.5, 
            "colorR": 0.5, 
            "frontColor": [
                0.5, 
                0.5, 
                0.5
            ], 
            "frontColorB": 0.5, 
            "frontColorG": 0.5, 
            "frontColorR": 0.5, 
            "frozen": false, 
            "incandescence": [
                0.0, 
                0.0, 
                0.0
            ], 
            "incandescenceB": 0.0, 
            "incandescenceG": 0.0, 
            "incandescenceR": 0.0, 
            "inputAOV": 0, 
            "isHistoricallyInteresting": 2, 
            "nodeState": 0, 
            "notes": "LollipopShaders RIS100 LM Preset Name:\naventurnine_LM", 
            "outColor": [
                0.5, 
                0.5, 
                0.5
            ], 
            "outColorB": 0.5, 
            "outColorG": 0.5, 
            "outColorR": 0.5, 
            "presence": 1.0, 
            "roughness": 0.0, 
            "sheen": [
                0.0, 
                0.0, 
                0.0
            ], 
            "sheenB": 0.0, 
            "sheenG": 0.0, 
            "sheenR": 0.0, 
            "shininess": 100.0, 
            "translucence": 0.0
        }, 
        "connection": {
            "lmlayer": "aventurn_LM_layer_aventurnine_LM.result"
        }, 
        "type": "PxrLMDiffuse"
    }
}